queue_size,speed_up
2,1.1417183754458808
4,1.4416075307748009
8,1.5176088547383828
12,1.5997010895767045
16,1.6409719589192397
24,1.5929428708593376
