queue_size,speed_up
2,1.120343493512937
4,1.4406509480207004
8,1.488734945931994
12,1.4907756078766956
16,1.4412253003636744
24,1.9353348497605969
