queue_size,speed_up
2,1.1317944355279583
4,1.4569166331111774
8,1.4790074877750612
12,1.5710332065885637
16,1.6117140632870817
24,1.591146347077004
