queue_size,speed_up
2,1.139967840958924
4,1.4801433354337643
8,1.5978085380145715
12,1.6823688797611445
16,1.636831500293846
24,1.5554482934690685
