queue_size,speed_up
2,1.5578291754120888
4,1.8739637476149746
8,1.8187253063016322
12,2.078891666514607
16,2.1080293456439483
24,1.8396793101777844
