queue_size,speed_up
2,1.3714613540592409
4,1.6286560675768014
8,1.7594595660231052
12,1.7929325735102086
16,1.8204589495155532
24,1.8971982483737937
