queue_size,speed_up
2,1.3369285126052652
4,1.6612164957528277
8,1.799156299156299
12,1.8371064399355093
16,1.8692220550819918
24,1.8885942308173427
