queue_size,speed_up
2,1.410791646300227
4,1.7168472215997752
8,1.8701404175246752
12,1.9332795030485987
16,1.8390124900716587
24,1.9584737294634351
