queue_size,speed_up
2,0.9665955174797395
4,0.7647758795360917
8,0.4982759462881806
12,0.35978212014140665
16,0.27963929210830235
24,0.19329407151765982
