queue_size,speed_up
2,0.977732464076127
4,0.7792690370822524
8,0.5078731249580423
12,0.3665976887306325
16,0.2847912954489051
24,0.19811258535071385
