queue_size,speed_up
2,0.9773129756377734
4,0.7780919428101088
8,0.5060019428254233
12,0.36492475962397686
16,0.285035861556802
24,0.19428792177863033
